<?xml version="1.0" encoding="UTF-8"?>
<project-private xmlns="http://www.netbeans.org/ns/project-private/1">
    <editor-bookmarks xmlns="http://www.netbeans.org/ns/editor-bookmarks/2" lastBookmarkId="0"/>
    <open-files xmlns="http://www.netbeans.org/ns/projectui-open-files/2">
        <group>
            <file>file:/C:/Users/50057876/OneDrive%20-%20Belfast%20Metropolitan%20College/OOP/New%20Folder/oop-group-project-ethan_ronald_ben_group_2/src/oopcw/AppLib.java</file>
            <file>file:/C:/Users/50057876/OneDrive%20-%20Belfast%20Metropolitan%20College/OOP/New%20Folder/oop-group-project-ethan_ronald_ben_group_2/src/oopcw/Delivery.java</file>
            <file>file:/C:/Users/50057876/OneDrive%20-%20Belfast%20Metropolitan%20College/OOP/New%20Folder/oop-group-project-ethan_ronald_ben_group_2/src/oopcw/frmLogin.java</file>
            <file>file:/C:/Users/50057876/OneDrive%20-%20Belfast%20Metropolitan%20College/OOP/New%20Folder/oop-group-project-ethan_ronald_ben_group_2/src/oopcw/frmDelivery.java</file>
            <file>file:/C:/Users/50057876/OneDrive%20-%20Belfast%20Metropolitan%20College/OOP/New%20Folder/oop-group-project-ethan_ronald_ben_group_2/src/oopcw/frmRegister.java</file>
            <file>file:/C:/Users/50057876/OneDrive%20-%20Belfast%20Metropolitan%20College/OOP/New%20Folder/oop-group-project-ethan_ronald_ben_group_2/src/oopcw/Customer.java</file>
        </group>
    </open-files>
</project-private>
